{
  "accuracy": 0.87,
  "precision": 0.8,
  "recall": 0.42105263157894735,
  "confusion_matrix": [
    [
      158,
      4
    ],
    [
      22,
      16
    ]
  ],
  "training_date": "2026-04-16T01:08:38.232537"
}