{
  "accuracy": 0.9473684210526315,
  "precision": 0.9583333333333334,
  "recall": 0.9583333333333334,
  "roc_auc": 0.9937169312169312,
  "confusion_matrix": [
    [
      39,
      3
    ],
    [
      3,
      69
    ]
  ],
  "training_date": "2026-04-15T21:47:16.189662"
}