{"accuracy": 0.8757396449704142, "precision": 0.8333333333333334, "recall": 0.7627118644067796, "f1_score": 0.7964601769911505, "roc_auc": 0.9309707241910632, "model": "Ensemble", "best_seed": 160, "training_date": "2026-04-17T12:36:20.225921"}