{
  "accuracy": 0.7662337662337663,
  "precision": 0.6607142857142857,
  "recall": 0.6851851851851852,
  "f1_score": 0.6727272727272727,
  "roc_auc": 0.8305555555555556,
  "confusion_matrix": [
    [
      81,
      19
    ],
    [
      17,
      37
    ]
  ],
  "training_date": "2026-04-16T01:08:36.758780",
  "model_type": "RandomForest",
  "class_weight": "balanced_subsample"
}