{"accuracy": 0.8181818181818182, "precision": 0.6923076923076923, "recall": 0.8181818181818182, "f1_score": 0.75, "roc_auc": 0.9063360881542699, "model": "Ensemble", "best_seed": 1, "training_date": "2026-04-17T12:36:45.157001"}