{
  "accuracy": 0.7377049180327869,
  "precision": 0.7142857142857143,
  "recall": 0.6,
  "roc_auc": 0.8,
  "confusion_matrix": [
    [
      30,
      6
    ],
    [
      10,
      15
    ]
  ],
  "training_date": "2026-04-15T21:47:15.134894",
  "model_type": "RandomForest"
}