{
  "accuracy": 0.9080459770114943,
  "precision": 0.9324324324324325,
  "recall": 0.9583333333333334,
  "f1_score": 0.9452054794520548,
  "roc_auc": 0.8907407407407407,
  "confusion_matrix": [
    [
      10,
      5
    ],
    [
      3,
      69
    ]
  ],
  "features": [
    "Age",
    "Gender",
    "Total_Bilirubin",
    "Direct_Bilirubin",
    "Alkaline_Phosphotase",
    "Alamine_Aminotransferase",
    "Aspartate_Aminotransferase",
    "Total_Protiens",
    "Albumin",
    "Albumin_and_Globulin_Ratio"
  ],
  "best_seed": 18,
  "best_model": "RF_500",
  "training_date": "2026-04-17T12:37:07.968611"
}