{
  "accuracy": 0.8448275862068966,
  "precision": 0.8482142857142857,
  "recall": 0.9895833333333334,
  "confusion_matrix": [
    [
      3,
      17
    ],
    [
      1,
      95
    ]
  ],
  "training_date": "2026-04-16T01:08:37.237199"
}