{
  "accuracy": 0.9125,
  "precision": 0.927461139896373,
  "recall": 0.895,
  "f1_score": 0.910941475826972,
  "roc_auc": 0.967075,
  "model": "Ensemble (RF+ET)",
  "training_date": "2026-04-17",
  "n_features": 31
}