{"accuracy": 0.8766025641025641, "precision": 0.7357414448669202, "recall": 0.9923076923076923, "f1_score": 0.8449781659388647, "roc_auc": 0.9404010519395135, "model": "Ensemble_ET_RF", "training_date": "2026-04-17T12:40:18.409489"}