{
  "accuracy": 0.848,
  "precision": 0.8831168831168831,
  "recall": 0.8717948717948718,
  "f1_score": 0.8774193548387097,
  "roc_auc": 0.9064375340971086,
  "model": "Ensemble (RF+ET)",
  "training_date": "2026-04-17",
  "n_features": 37
}